{"cameraMode":{"drawMode":0,"name":"Shaded","section":"Shading Mode"},"sceneLighting":true,"audioPlay":false,"sceneViewState":{"showFog":false,"showMaterialUpdate":false,"showSkybox":false,"showFlares":false,"showImageEffects":false,"showParticleSystems":false},"in2DMode":false,"pivot":{"x":-0.47393798828125,"y":3.22406005859375,"z":0.33984375},"rotation":{"x":0.05683358758687973,"y":-0.06883330643177033,"z":0.003927753306925297,"w":0.9960002899169922},"size":3.615821361541748,"orthographic":true}