{"cameraMode":{"drawMode":0,"name":"Shaded","section":"Shading Mode"},"sceneLighting":true,"audioPlay":false,"sceneViewState":{"showFog":false,"showMaterialUpdate":false,"showSkybox":false,"showFlares":false,"showImageEffects":false,"showParticleSystems":false},"in2DMode":false,"pivot":{"x":-0.5971989035606384,"y":6.054482936859131,"z":-0.4110260009765625},"rotation":{"x":-0.013497759588062764,"y":0.016497796401381494,"z":0.0002227351360488683,"w":0.9997729063034058},"size":12.757347106933594,"orthographic":true}