{"cameraMode":{"drawMode":0,"name":"Shaded","section":"Shading Mode"},"sceneLighting":true,"audioPlay":false,"sceneViewState":{"showFog":false,"showMaterialUpdate":false,"showSkybox":false,"showFlares":false,"showImageEffects":false,"showParticleSystems":false},"in2DMode":false,"pivot":{"x":0.052032470703125,"y":4.20556640625,"z":0.13818359375},"rotation":{"x":0.052474409341812137,"y":-0.007489550858736038,"z":0.0003935644053854048,"w":0.9985942840576172},"size":6.0049920082092289,"orthographic":true}