{"cameraMode":{"drawMode":0,"name":"Shaded","section":"Shading Mode"},"sceneLighting":true,"audioPlay":false,"sceneViewState":{"showFog":false,"showMaterialUpdate":false,"showSkybox":false,"showFlares":false,"showImageEffects":false,"showParticleSystems":false},"in2DMode":false,"pivot":{"x":112.80001831054688,"y":71.20001220703125,"z":0.0},"rotation":{"x":0.05683358758687973,"y":-0.06883330643177033,"z":0.003927753306925297,"w":0.9960002899169922},"size":348.3970031738281,"orthographic":true}